variable,linear_coefficient
x_1_5,-3.0
x_1_10,-3.0
x_1_11,-1.0
x_1_12,-1.0
x_1_14,-1.0
x_1_15,-3.0
x_1_18,-1.0
x_1_19,-1.0
x_1_25,-3.0
x_1_30,-1.0
x_1_32,-3.0
x_1_37,-1.0
x_1_38,-1.0
x_1_39,-1.0
x_1_41,-3.0
x_1_42,-1.0
x_1_43,-1.0
x_2_10,-3.0
x_2_11,-1.0
x_2_12,-1.0
x_2_14,-1.0
x_2_15,-3.0
x_2_18,-1.0
x_2_19,-1.0
x_2_25,-3.0
x_2_30,-1.0
x_2_32,-3.0
x_2_37,-1.0
x_2_38,-1.0
x_2_39,-1.0
x_2_41,-3.0
x_2_42,-1.0
x_2_43,-1.0
x_3_11,-2.0
x_3_12,-2.0
x_3_14,-2.0
x_3_18,-2.0
x_3_19,-2.0
x_3_30,-2.0
x_3_37,-2.0
x_3_38,-2.0
x_3_39,-2.0
x_3_42,-2.0
x_3_43,-2.0
x_4_10,-3.0
x_4_11,-1.0
x_4_12,-1.0
x_4_14,-1.0
x_4_15,-3.0
x_4_18,-1.0
x_4_19,-1.0
x_4_25,-3.0
x_4_30,-1.0
x_4_32,-3.0
x_4_37,-1.0
x_4_38,-1.0
x_4_39,-1.0
x_4_41,-3.0
x_4_42,-1.0
x_4_43,-1.0
x_5_13,-3.0
x_5_16,-3.0
x_5_20,-3.0
x_5_22,-3.0
x_5_34,-3.0
x_5_40,-3.0
x_5_44,-3.0
x_6_11,-2.0
x_6_12,-2.0
x_6_14,-2.0
x_6_18,-2.0
x_6_19,-2.0
x_6_30,-2.0
x_6_37,-2.0
x_6_38,-2.0
x_6_39,-2.0
x_6_42,-2.0
x_6_43,-2.0
x_7_11,-2.0
x_7_12,-2.0
x_7_14,-2.0
x_7_18,-2.0
x_7_19,-2.0
x_7_30,-2.0
x_7_37,-2.0
x_7_38,-2.0
x_7_39,-2.0
x_7_42,-2.0
x_7_43,-2.0
x_8_12,-2.0
x_8_14,-2.0
x_8_18,-2.0
x_8_19,-2.0
x_8_30,-2.0
x_8_37,-2.0
x_8_38,-2.0
x_8_39,-2.0
x_8_42,-2.0
x_8_43,-2.0
x_9_14,-2.0
x_9_18,-2.0
x_9_19,-2.0
x_9_30,-2.0
x_9_37,-2.0
x_9_38,-2.0
x_9_39,-2.0
x_9_42,-2.0
x_9_43,-2.0
x_10_16,-3.0
x_10_20,-3.0
x_10_22,-3.0
x_10_34,-3.0
x_10_40,-3.0
x_10_44,-3.0
x_11_16,-1.0
x_11_17,-2.0
x_11_20,-1.0
x_11_21,-2.0
x_11_22,-1.0
x_11_23,-2.0
x_11_24,-2.0
x_11_26,-2.0
x_11_27,-2.0
x_11_28,-2.0
x_11_29,-2.0
x_11_31,-2.0
x_11_33,-2.0
x_11_34,-1.0
x_11_35,-2.0
x_11_36,-2.0
x_11_40,-1.0
x_11_44,-1.0
x_12_16,-1.0
x_12_17,-2.0
x_12_20,-1.0
x_12_21,-2.0
x_12_22,-1.0
x_12_23,-2.0
x_12_24,-2.0
x_12_26,-2.0
x_12_27,-2.0
x_12_28,-2.0
x_12_29,-2.0
x_12_31,-2.0
x_12_33,-2.0
x_12_34,-1.0
x_12_35,-2.0
x_12_36,-2.0
x_12_40,-1.0
x_12_44,-1.0
x_13_18,-1.0
x_13_19,-1.0
x_13_25,-3.0
x_13_30,-1.0
x_13_32,-3.0
x_13_37,-1.0
x_13_38,-1.0
x_13_39,-1.0
x_13_41,-3.0
x_13_42,-1.0
x_13_43,-1.0
x_14_20,-1.0
x_14_21,-2.0
x_14_22,-1.0
x_14_23,-2.0
x_14_24,-2.0
x_14_26,-2.0
x_14_27,-2.0
x_14_28,-2.0
x_14_29,-2.0
x_14_31,-2.0
x_14_33,-2.0
x_14_34,-1.0
x_14_35,-2.0
x_14_36,-2.0
x_14_40,-1.0
x_14_44,-1.0
x_15_20,-3.0
x_15_22,-3.0
x_15_34,-3.0
x_15_40,-3.0
x_15_44,-3.0
x_16_25,-3.0
x_16_30,-1.0
x_16_32,-3.0
x_16_37,-1.0
x_16_38,-1.0
x_16_39,-1.0
x_16_41,-3.0
x_16_42,-1.0
x_16_43,-1.0
x_17_30,-2.0
x_17_37,-2.0
x_17_38,-2.0
x_17_39,-2.0
x_17_42,-2.0
x_17_43,-2.0
x_18_22,-1.0
x_18_23,-2.0
x_18_24,-2.0
x_18_26,-2.0
x_18_27,-2.0
x_18_28,-2.0
x_18_29,-2.0
x_18_31,-2.0
x_18_33,-2.0
x_18_34,-1.0
x_18_35,-2.0
x_18_36,-2.0
x_18_40,-1.0
x_18_44,-1.0
x_19_23,-2.0
x_19_24,-2.0
x_19_26,-2.0
x_19_27,-2.0
x_19_28,-2.0
x_19_29,-2.0
x_19_31,-2.0
x_19_33,-2.0
x_19_34,-1.0
x_19_35,-2.0
x_19_36,-2.0
x_19_40,-1.0
x_19_44,-1.0
x_20_25,-3.0
x_20_30,-1.0
x_20_32,-3.0
x_20_37,-1.0
x_20_38,-1.0
x_20_39,-1.0
x_20_41,-3.0
x_20_42,-1.0
x_20_43,-1.0
x_21_30,-2.0
x_21_37,-2.0
x_21_38,-2.0
x_21_39,-2.0
x_21_42,-2.0
x_21_43,-2.0
x_22_30,-1.0
x_22_32,-3.0
x_22_37,-1.0
x_22_38,-1.0
x_22_39,-1.0
x_22_41,-3.0
x_22_42,-1.0
x_22_43,-1.0
x_23_30,-2.0
x_23_37,-2.0
x_23_38,-2.0
x_23_39,-2.0
x_23_42,-2.0
x_23_43,-2.0
x_24_30,-2.0
x_24_37,-2.0
x_24_38,-2.0
x_24_39,-2.0
x_24_42,-2.0
x_24_43,-2.0
x_25_34,-3.0
x_25_40,-3.0
x_25_44,-3.0
x_26_30,-2.0
x_26_37,-2.0
x_26_38,-2.0
x_26_39,-2.0
x_26_42,-2.0
x_26_43,-2.0
x_27_37,-2.0
x_27_38,-2.0
x_27_39,-2.0
x_27_42,-2.0
x_27_43,-2.0
x_28_37,-2.0
x_28_38,-2.0
x_28_39,-2.0
x_28_42,-2.0
x_28_43,-2.0
x_29_37,-2.0
x_29_38,-2.0
x_29_39,-2.0
x_29_42,-2.0
x_29_43,-2.0
x_30_34,-1.0
x_30_35,-2.0
x_30_36,-2.0
x_30_40,-1.0
x_30_44,-1.0
x_31_37,-2.0
x_31_38,-2.0
x_31_39,-2.0
x_31_42,-2.0
x_31_43,-2.0
x_32_40,-3.0
x_32_44,-3.0
x_33_37,-2.0
x_33_38,-2.0
x_33_39,-2.0
x_33_42,-2.0
x_33_43,-2.0
x_34_38,-1.0
x_34_39,-1.0
x_34_41,-3.0
x_34_42,-1.0
x_34_43,-1.0
x_35_39,-2.0
x_35_42,-2.0
x_35_43,-2.0
x_36_42,-2.0
x_36_43,-2.0
x_37_44,-1.0
x_38_44,-1.0
x_39_44,-1.0
